<eagle version="6.1"><drawing><settings><setting alwaysvectorfont="no" verticaltext="up"/></settings><grid distance="0.1" unitdist="inch" unit="inch" style="lines" multiple="1" display="no" altdistance="0.01" altunitdist="inch" altunit="inch"/><layers><layer number="91" name="Nets" color="2" fill="1" visible="yes" active="yes"/><layer number="92" name="Busses" color="1" fill="1" visible="yes" active="yes"/><layer number="93" name="Pins" color="2" fill="1" visible="no" active="yes"/><layer number="94" name="Symbols" color="4" fill="1" visible="yes" active="yes"/><layer number="95" name="Names" color="7" fill="1" visible="yes" active="yes"/><layer number="96" name="Values" color="7" fill="1" visible="yes" active="yes"/><layer number="97" name="Info" color="7" fill="1" visible="yes" active="yes"/><layer number="98" name="Guide" color="6" fill="1" visible="yes" active="yes"/></layers><schematic><libraries><library name="AcceleratedDesigns_Lib"><packages><package name="1206_190"><pad name="1" drill="0" y="0" x="-1.4986"/><pad name="2" drill="0" y="0" x="1.4986"/></package><package name="MLP2520K-S"><pad name="1" drill="0" y="0" x="-1.0478"/><pad name="2" drill="0" y="0" x="1.0478"/></package><package name="R-PVSON-N14"><pad name="1" drill="0" y="1.5" x="-1.25"/><pad name="2" drill="0" y="1" x="-1.25"/><pad name="3" drill="0" y="0.5" x="-1.25"/><pad name="4" drill="0" y="0" x="-1.25"/><pad name="5" drill="0" y="-0.5" x="-1.25"/><pad name="6" drill="0" y="-1" x="-1.25"/><pad name="7" drill="0" y="-1.5" x="-1.25"/><pad name="8" drill="0" y="-1.5" x="1.25"/><pad name="9" drill="0" y="-1" x="1.25"/><pad name="10" drill="0" y="-0.5" x="1.25"/><pad name="11" drill="0" y="0" x="1.25"/><pad name="12" drill="0" y="0.5" x="1.25"/><pad name="13" drill="0" y="1" x="1.25"/><pad name="14" drill="0" y="1.5" x="1.25"/><pad name="15" drill="0" y="0" x="0"/></package><package name="0805"><pad name="1" drill="0" y="0" x="-0.9017"/><pad name="2" drill="0" y="0" x="0.9017"/></package><package name="WB_GND"><pad name="1" drill="0" y="0" x="0"/></package><package name="WB_BATTERY"><pad name="1" drill="0" y="0" x="0"/><pad name="2" drill="0" y="0" x="0"/></package><package name="WB_CURRENT_LOAD"><pad name="1" drill="0" y="0" x="0"/><pad name="2" drill="0" y="0" x="0"/></package></packages><symbols><symbol name="GRM31CR61A226KE19L@1"><pin name="1@1" x="7.62" y="0" rot="MR0" direction="pas" length="short" visible="off" swaplevel="0"/><pin name="2@2" x="-7.62" y="0" rot="MR180" direction="pas" length="short" visible="off" swaplevel="0"/><wire x1="7.62" y1="0" x2="5.08" y2="0" width="0.1524" layer="94"/><wire x1="-7.62" y1="0" x2="-5.08" y2="0" width="0.1524" layer="94"/><wire x1="0.762" y1="-3.048" x2="0.762" y2="3.048" width="0.1524" layer="94"/><wire x1="-5.08" y1="0" x2="-0.762" y2="0" width="0.1524" layer="94"/><wire x1="0.762" y1="0" x2="5.08" y2="0" width="0.1524" layer="94"/><wire x1="-0.762" y1="-3.048" x2="-0.762" y2="3.048" width="0.1524" layer="94"/><text size="2" x="0" y="7.62" layer="95" align="center">&gt;NAME</text><text size="2" x="0" y="5.08" layer="96" align="center">&gt;VALUE</text></symbol><symbol name="GRM31CR60J476ME19L@1"><pin name="1@1" x="7.62" y="0" rot="MR0" direction="pas" length="short" visible="off" swaplevel="0"/><pin name="2@2" x="-7.62" y="0" rot="MR180" direction="pas" length="short" visible="off" swaplevel="0"/><wire x1="7.62" y1="0" x2="5.08" y2="0" width="0.1524" layer="94"/><wire x1="-7.62" y1="0" x2="-5.08" y2="0" width="0.1524" layer="94"/><wire x1="0.762" y1="-3.048" x2="0.762" y2="3.048" width="0.1524" layer="94"/><wire x1="-5.08" y1="0" x2="-0.762" y2="0" width="0.1524" layer="94"/><wire x1="0.762" y1="0" x2="5.08" y2="0" width="0.1524" layer="94"/><wire x1="-0.762" y1="-3.048" x2="-0.762" y2="3.048" width="0.1524" layer="94"/><text size="2" x="0" y="7.62" layer="95" align="center">&gt;NAME</text><text size="2" x="0" y="5.08" layer="96" align="center">&gt;VALUE</text></symbol><symbol name="WB_GND@1"><pin name="1@1" x="0" y="2.54" rot="MR270" direction="pas" length="short" visible="off" swaplevel="0"/><wire x1="0" y1="2.54" x2="0" y2="0" width="0.1524" layer="94"/><wire x1="-3.302" y1="0" x2="3.302" y2="0" width="0.1524" layer="94"/><wire x1="-2.286" y1="-1.016" x2="2.286" y2="-1.016" width="0.1524" layer="94"/><wire x1="-0.762" y1="-2.032" x2="0.762" y2="-2.032" width="0.1524" layer="94"/></symbol><symbol name="MLP2520K1R0ST@1"><pin name="@2" x="15.24" y="0" rot="MR0" direction="pas" length="short" visible="off" swaplevel="0"/><pin name="@1" x="0" y="0" rot="MR180" direction="pas" length="short" visible="off" swaplevel="1"/><wire cap="round" x1="7.62" y1="1.27" x2="5.08" y2="1.27" layer="94" curve="180" width="0.254"/><wire x1="5.08" y1="0" x2="5.08" y2="1.27" width="0.2032" layer="94"/><wire x1="7.62" y1="0" x2="7.62" y2="1.27" width="0.2032" layer="94"/><wire x1="12.7" y1="0" x2="12.7" y2="1.27" width="0.2032" layer="94"/><wire cap="round" x1="5.08" y1="1.27" x2="2.54" y2="1.27" layer="94" curve="180" width="0.254"/><wire cap="round" x1="10.16" y1="1.27" x2="7.62" y2="1.27" layer="94" curve="180" width="0.254"/><wire cap="round" x1="12.7" y1="1.27" x2="10.16" y2="1.27" layer="94" curve="180" width="0.254"/><wire x1="2.54" y1="0" x2="2.54" y2="1.27" width="0.2032" layer="94"/><wire x1="10.16" y1="0" x2="10.16" y2="1.27" width="0.2032" layer="94"/><text size="3" x="6.985" y="-2.54" layer="96" align="center">&gt;VALUE</text><text size="3" x="6.985" y="5.08" layer="95" align="center">&gt;NAME</text></symbol><symbol name="TPS63021DSJR@1"><pin name="VIN@1" x="-15.24" y="15.24" rot="MR180" direction="pas" length="short" visible="both" swaplevel="0"/><pin name="L1@3" x="-15.24" y="5.08" rot="MR180" direction="pas" length="short" visible="both" swaplevel="0"/><pin name="PG@5" x="15.24" y="10.16" rot="MR0" direction="pas" length="short" visible="both" swaplevel="0"/><pin name="L2@7" x="-15.24" y="-10.16" rot="MR180" direction="pas" length="short" visible="both" swaplevel="0"/><pin name="VOUT@8" x="15.24" y="15.24" rot="MR0" direction="pas" length="short" visible="both" swaplevel="0"/><pin name="PS/SYNC@10" x="-15.24" y="-15.24" rot="MR180" direction="pas" length="short" visible="both" swaplevel="0"/><pin name="FB@11" x="15.24" y="-5.08" rot="MR0" direction="pas" length="short" visible="both" swaplevel="0"/><pin name="VINA@12" x="-5.08" y="-22.86" rot="MR90" direction="pas" length="short" visible="both" swaplevel="0"/><pin name="GND@13" x="15.24" y="-15.24" rot="MR0" direction="pas" length="short" visible="both" swaplevel="0"/><pin name="EN@15" x="5.08" y="-22.86" rot="MR90" direction="pas" length="short" visible="both" swaplevel="0"/><wire x1="-12.7" y1="20.32" x2="12.7" y2="20.32" width="0.1524" layer="94"/><wire x1="12.7" y1="20.32" x2="12.7" y2="-20.32" width="0.1524" layer="94"/><wire x1="12.7" y1="-20.32" x2="-12.7" y2="-20.32" width="0.1524" layer="94"/><wire x1="-12.7" y1="-20.32" x2="-12.7" y2="20.32" width="0.1524" layer="94"/><wire x1="-15.24" y1="15.24" x2="-12.7" y2="15.24" width="0.1524" layer="94"/><wire x1="-15.24" y1="5.08" x2="-12.7" y2="5.08" width="0.1524" layer="94"/><wire x1="15.24" y1="10.16" x2="12.7" y2="10.16" width="0.1524" layer="94"/><wire x1="-15.24" y1="-10.16" x2="-12.7" y2="-10.16" width="0.1524" layer="94"/><wire x1="15.24" y1="15.24" x2="12.7" y2="15.24" width="0.1524" layer="94"/><wire x1="-15.24" y1="-15.24" x2="-12.7" y2="-15.24" width="0.1524" layer="94"/><wire x1="15.24" y1="-5.08" x2="12.7" y2="-5.08" width="0.1524" layer="94"/><wire x1="-5.08" y1="-22.86" x2="-5.08" y2="-20.32" width="0.1524" layer="94"/><wire x1="15.24" y1="-15.24" x2="12.7" y2="-15.24" width="0.1524" layer="94"/><wire x1="5.08" y1="-22.86" x2="5.08" y2="-20.32" width="0.1524" layer="94"/><text size="2" x="0" y="2.60955737327189" layer="95" align="center">&gt;NAME</text><text size="2" x="8.74466205837174E-02" y="-2.54979324116743" layer="96" align="center">&gt;VALUE</text><pin name="VIN@2" x="-15.24" y="15.24" rot="MR180" direction="pas" length="short" visible="off" swaplevel="0"/><pin name="L1@4" x="-15.24" y="5.08" rot="MR180" direction="pas" length="short" visible="off" swaplevel="0"/><pin name="L2@6" x="-15.24" y="-10.16" rot="MR180" direction="pas" length="short" visible="off" swaplevel="0"/><pin name="VOUT@9" x="15.24" y="15.24" rot="MR0" direction="pas" length="short" visible="off" swaplevel="0"/><pin name="PowerPAD@14" x="15.24" y="-15.24" rot="MR0" direction="pas" length="short" visible="off" swaplevel="0"/></symbol><symbol name="08053C104KAT2A@1"><pin name="1@1" x="7.62" y="0" rot="MR0" direction="pas" length="short" visible="off" swaplevel="0"/><pin name="2@2" x="-7.62" y="0" rot="MR180" direction="pas" length="short" visible="off" swaplevel="0"/><wire x1="7.62" y1="0" x2="5.08" y2="0" width="0.1524" layer="94"/><wire x1="-7.62" y1="0" x2="-5.08" y2="0" width="0.1524" layer="94"/><wire x1="0.762" y1="-3.048" x2="0.762" y2="3.048" width="0.1524" layer="94"/><wire x1="-5.08" y1="0" x2="-0.762" y2="0" width="0.1524" layer="94"/><wire x1="0.762" y1="0" x2="5.08" y2="0" width="0.1524" layer="94"/><wire x1="-0.762" y1="-3.048" x2="-0.762" y2="3.048" width="0.1524" layer="94"/><text size="2" x="0" y="7.62" layer="95" align="center">&gt;NAME</text><text size="2" x="0" y="5.08" layer="96" align="center">&gt;VALUE</text></symbol><symbol name="WB_BATTERY@1"><pin name="+@1" x="-7.62" y="0" rot="MR180" direction="pas" length="short" visible="off" swaplevel="0"/><pin name="-@2" x="7.62" y="0" rot="MR0" direction="pas" length="short" visible="off" swaplevel="0"/><wire x1="-2.032" y1="0" x2="-7.62" y2="0" width="0.1524" layer="94"/><wire x1="-1.778" y1="-3.048" x2="-1.778" y2="3.048" width="0.1524" layer="94"/><wire x1="1.016" y1="-3.048" x2="1.016" y2="3.048" width="0.1524" layer="94"/><wire x1="7.62" y1="0" x2="2.794" y2="0" width="0.1524" layer="94"/><wire x1="-0.508" y1="-1.27" x2="-0.508" y2="1.27" width="0.1524" layer="94"/><wire x1="-0.254" y1="-1.27" x2="-0.254" y2="1.27" width="0.1524" layer="94"/><wire x1="-3.556" y1="2.286" x2="-3.556" y2="3.81" width="0.1524" layer="94"/><wire x1="-2.794" y1="3.048" x2="-4.318" y2="3.048" width="0.1524" layer="94"/><wire x1="3.302" y1="2.54" x2="3.302" y2="3.81" width="0.1524" layer="94"/><wire x1="2.54" y1="-1.27" x2="2.54" y2="1.27" width="0.1524" layer="94"/><wire x1="2.286" y1="-1.27" x2="2.286" y2="1.27" width="0.1524" layer="94"/><text size="2" x="0" y="5.08" layer="95" align="center">&gt;NAME</text></symbol><symbol name="WB_CURRENT_LOAD@1"><pin name="+@1" x="-7.62" y="0" rot="MR180" direction="pas" length="short" visible="off" swaplevel="0"/><pin name="-@2" x="7.62" y="0" rot="MR0" direction="pas" length="short" visible="off" swaplevel="0"/><wire cap="round" x1="-3.80144541893069" y1="6.11111003035226E-05" x2="-2.68631595182662" y2="-2.68638598005626" layer="94" curve="44.25835" width="0.1524"/><wire cap="round" x1="-2.7008340002096" y1="-2.70084492188432" x2="-3.010245531766E-05" y2="-3.82193519093877" layer="94" curve="44.8182" width="0.1524"/><wire cap="round" x1="-1.47901228405671E-05" y1="-3.81607473385618" x2="2.69671339012067" y2="-2.69667753776659" layer="94" curve="45.38076" width="0.1524"/><wire cap="round" x1="2.69020543466835" y1="-2.69018253944063" x2="3.80688023502889" y2="-1.58895406142942E-05" layer="94" curve="45.58721" width="0.1524"/><wire cap="round" x1="3.80144542387741" y1="-6.17958751984642E-05" x2="2.68631643327033" y2="2.68638549307261" layer="94" curve="44.25835" width="0.1524"/><wire cap="round" x1="2.70083237377049" y1="2.70084654561062" x2="2.78042467919214E-05" y2="3.82193519631281" layer="94" curve="44.8182" width="0.1524"/><wire cap="round" x1="1.57980194586995E-05" y1="3.81607473126472" x2="-2.69671268033746" y2="2.69667825335733" layer="94" curve="45.38076" width="0.1524"/><wire cap="round" x1="-2.69020543466835" y1="2.69018253944063" x2="-3.80688023502889" y2="1.58895406171733E-05" layer="94" curve="45.58721" width="0.1524"/><wire x1="7.62" y1="0" x2="3.81" y2="0" width="0.1524" layer="94"/><wire x1="-3.81" y1="0" x2="-7.62" y2="0" width="0.1524" layer="94"/><wire x1="0.762" y1="-1.778" x2="3.048" y2="0" width="0.1524" layer="94"/><wire x1="0.762" y1="1.778" x2="3.048" y2="0" width="0.1524" layer="94"/><wire x1="3.048" y1="0" x2="-3.048" y2="0" width="0.1524" layer="94"/></symbol></symbols><devicesets><deviceset name="GRM31CR61A226KE19L" prefix=""><gates><gate name="1" addlevel="always" y="0" x="0" symbol="GRM31CR61A226KE19L@1"/></gates><devices><device name="GRM31CR61A226KE19L" package="1206_190"><connects><connect pad="1" pin="1@1" gate="1"/><connect pad="2" pin="2@2" gate="1"/></connects><technologies><technology name=""><attribute name="Cap" value="2.2E-5" constant="no"/><attribute name="ESR" value="0.0" constant="no"/><attribute name="IRMS" value="0.0" constant="no"/><attribute name="VDC" value="10.0" constant="no"/><attribute name="Manufacturer_Part_Number" value="GRM31CR61A226KE19L" constant="no"/><attribute name="Vendor" value="MuRata" constant="no"/><attribute name="Manufacturer_Name" value="MuRata" constant="no"/></technology></technologies></device></devices></deviceset><deviceset name="GRM31CR60J476ME19L" prefix=""><gates><gate name="1" addlevel="always" y="0" x="0" symbol="GRM31CR60J476ME19L@1"/></gates><devices><device name="GRM31CR60J476ME19L" package="1206_190"><connects><connect pad="1" pin="1@1" gate="1"/><connect pad="2" pin="2@2" gate="1"/></connects><technologies><technology name=""><attribute name="Cap" value="4.7E-5" constant="no"/><attribute name="ESR" value="0.0030" constant="no"/><attribute name="IRMS" value="0.0" constant="no"/><attribute name="VDC" value="6.3" constant="no"/><attribute name="Manufacturer_Part_Number" value="GRM31CR60J476ME19L" constant="no"/><attribute name="Vendor" value="MuRata" constant="no"/><attribute name="Manufacturer_Name" value="MuRata" constant="no"/></technology></technologies></device></devices></deviceset><deviceset name="WB_GND" prefix=""><gates><gate name="1" addlevel="always" y="0" x="0" symbol="WB_GND@1"/></gates><devices><device name="WB_GND" package="WB_GND"><connects><connect pad="1" pin="1@1" gate="1"/></connects><technologies><technology name=""><attribute name="Value" value="Value" constant="no"/><attribute name="Manufacturer_Part_Number" value="WB_GND" constant="no"/><attribute name="Manufacturer_Name" value="WB_GND" constant="no"/><attribute name="PowerPortType" value="POWER_GROUND" constant="no"/></technology></technologies></device></devices></deviceset><deviceset name="MLP2520K1R0ST" prefix="L"><gates><gate name="1" addlevel="always" y="0" x="0" symbol="MLP2520K1R0ST@1"/></gates><devices><device name="MLP2520K1R0ST" package="MLP2520K-S"><connects><connect pad="2" pin="@1" gate="1"/><connect pad="1" pin="@2" gate="1"/></connects><technologies><technology name=""><attribute name="Vendor" value="Gimme a name" constant="no"/><attribute name="Manufacturer_Part_Number" value="'MLP2520K1R0ST'" constant="no"/><attribute name="Manufacturer_Name" value="TDK" constant="no"/></technology></technologies></device></devices></deviceset><deviceset name="TPS63021DSJR" prefix=""><gates><gate name="1" addlevel="always" y="0" x="0" symbol="TPS63021DSJR@1"/></gates><devices><device name="TPS63021DSJR" package="R-PVSON-N14"><connects><connect pad="10" pin="VIN@1" gate="1"/><connect pad="11" pin="VIN@2" gate="1"/><connect pad="8" pin="L1@3" gate="1"/><connect pad="9" pin="L1@4" gate="1"/><connect pad="14" pin="PG@5" gate="1"/><connect pad="7" pin="L2@6" gate="1"/><connect pad="6" pin="L2@7" gate="1"/><connect pad="4" pin="VOUT@8" gate="1"/><connect pad="5" pin="VOUT@9" gate="1"/><connect pad="13" pin="PS/SYNC@10" gate="1"/><connect pad="3" pin="FB@11" gate="1"/><connect pad="1" pin="VINA@12" gate="1"/><connect pad="2" pin="GND@13" gate="1"/><connect pad="15" pin="PowerPAD@14" gate="1"/><connect pad="12" pin="EN@15" gate="1"/></connects><technologies><technology name=""><attribute name="Datasheet_URL" value="http://www.ti.com/lit/ds/symlink/tps63020.pdf" constant="no"/><attribute name="Frequency" value="2400000.0" constant="no"/><attribute name="Imax" value="3.0" constant="no"/><attribute name="Package" value="TPS63020" constant="no"/><attribute name="Mktg_Package" value="TPS63020" constant="no"/><attribute name="NSID" value="TPS63021DSJR" constant="no"/><attribute name="Manufacturer_Part_Number" value="TPS63021DSJR" constant="no"/><attribute name="Vendor" value="Texas Instruments" constant="no"/><attribute name="Manufacturer_Name" value="Texas Instruments" constant="no"/></technology></technologies></device></devices></deviceset><deviceset name="08053C104KAT2A" prefix=""><gates><gate name="1" addlevel="always" y="0" x="0" symbol="08053C104KAT2A@1"/></gates><devices><device name="08053C104KAT2A" package="0805"><connects><connect pad="1" pin="1@1" gate="1"/><connect pad="2" pin="2@2" gate="1"/></connects><technologies><technology name=""><attribute name="Cap" value="1.0E-7" constant="no"/><attribute name="ESR" value="0.28" constant="no"/><attribute name="IRMS" value="0.0" constant="no"/><attribute name="VDC" value="25.0" constant="no"/><attribute name="Manufacturer_Part_Number" value="08053C104KAT2A" constant="no"/><attribute name="Vendor" value="AVX" constant="no"/><attribute name="Manufacturer_Name" value="AVX" constant="no"/></technology></technologies></device></devices></deviceset><deviceset name="WB_BATTERY" prefix=""><gates><gate name="1" addlevel="always" y="0" x="0" symbol="WB_BATTERY@1"/></gates><devices><device name="WB_BATTERY" package="WB_BATTERY"><connects><connect pad="1" pin="+@1" gate="1"/><connect pad="2" pin="-@2" gate="1"/></connects><technologies><technology name=""><attribute name="Value" value="Value" constant="no"/><attribute name="Manufacturer_Part_Number" value="WB_BATTERY" constant="no"/><attribute name="Manufacturer_Name" value="WB_BATTERY" constant="no"/><attribute name="PowerPortType" value="POWER_GROUND" constant="no"/></technology></technologies></device></devices></deviceset><deviceset name="WB_CURRENT_LOAD" prefix=""><gates><gate name="1" addlevel="always" y="0" x="0" symbol="WB_CURRENT_LOAD@1"/></gates><devices><device name="WB_CURRENT_LOAD" package="WB_CURRENT_LOAD"><connects><connect pad="1" pin="+@1" gate="1"/><connect pad="2" pin="-@2" gate="1"/></connects><technologies><technology name=""><attribute name="Value" value="Value" constant="no"/><attribute name="Manufacturer_Part_Number" value="WB_CURRENT_LOAD" constant="no"/><attribute name="Manufacturer_Name" value="WB_CURRENT_LOAD" constant="no"/><attribute name="PowerPortType" value="POWER_GROUND" constant="no"/></technology></technologies></device></devices></deviceset></devicesets></library></libraries><attributes/><variantdefs/><classes><class number="0" name="default" width="0" drill="0"/></classes><parts><part name="CIN" library="AcceleratedDesigns_Lib" device="GRM31CR61A226KE19L" deviceset="GRM31CR61A226KE19L" value="22uF"/><part name="COUT" library="AcceleratedDesigns_Lib" device="GRM31CR60J476ME19L" deviceset="GRM31CR60J476ME19L" value="47uF"/><part name="GND" library="AcceleratedDesigns_Lib" device="WB_GND" deviceset="WB_GND" value="WB_GND"/><part name="L1" library="AcceleratedDesigns_Lib" device="MLP2520K1R0ST" deviceset="MLP2520K1R0ST" value="1uH"/><part name="U1" library="AcceleratedDesigns_Lib" device="TPS63021DSJR" deviceset="TPS63021DSJR" value="TPS63021DSJR"/><part name="CVINA" library="AcceleratedDesigns_Lib" device="08053C104KAT2A" deviceset="08053C104KAT2A" value="100nF"/><part name="VIN" library="AcceleratedDesigns_Lib" device="WB_BATTERY" deviceset="WB_BATTERY" value="WB_BATTERY"/><part name="IOUT" library="AcceleratedDesigns_Lib" device="WB_CURRENT_LOAD" deviceset="WB_CURRENT_LOAD" value="WB_CURRENT_LOAD"/></parts><sheets><sheet><plain/><instances><instance part="Cin" gate="1" x="50.8" y="50.8" rot="R90" smashed="yes"><attribute name="NAME" x="53.848" y="55.118" size="2" layer="95" rot="R0" align="bottom-left"/><attribute name="VALUE" x="53.848" y="50.546" size="2" layer="96" rot="R0" align="bottom-left"/></instance><instance part="Cout" gate="1" x="168.91" y="66.04" rot="R90" smashed="yes"><attribute name="NAME" x="171.958" y="70.358" size="2" layer="95" rot="R0" align="bottom-left"/><attribute name="VALUE" x="171.958" y="65.786" size="2" layer="96" rot="R0" align="bottom-left"/></instance><instance part="GND" gate="1" x="123.19" y="27.94" rot="R0" smashed="yes"><attribute name="NAME" x="123.19" y="33.528" size="2" layer="95" display="off" rot="R0" align="bottom-center"/></instance><instance part="L1" gate="1" x="85.09" y="71.12" rot="R90" smashed="yes"><attribute name="NAME" x="86.36" y="73.66" size="2" layer="95" rot="R0" align="bottom-left"/><attribute name="VALUE" x="86.36" y="69.088" size="2" layer="96" rot="R0" align="bottom-left"/></instance><instance part="U1" gate="1" x="123.19" y="73.66" rot="R0" smashed="yes"><attribute name="NAME" x="123.19" y="73.66" size="2" layer="95" rot="R0" align="bottom-center"/><attribute name="TYPE" x="123.19" y="69.85" size="2" layer="96" rot="R0" align="bottom-center"/></instance><instance part="CvinA" gate="1" x="118.11" y="40.64" rot="R90" smashed="yes"><attribute name="NAME" x="121.158" y="44.958" size="2" layer="95" rot="R0" align="bottom-left"/><attribute name="VALUE" x="121.158" y="40.386" size="2" layer="96" rot="R0" align="bottom-left"/></instance><instance part="Vin" gate="1" x="29.21" y="68.58" rot="R270" smashed="yes"><attribute name="NAME" x="33.02" y="73.66" size="2" layer="95" rot="R0" align="bottom-left"/></instance><instance part="Iout" gate="1" x="199.39" y="53.34" rot="R270" smashed="yes"><attribute name="NAME" x="203.454" y="58.674" size="2" layer="95" rot="R0" align="bottom-left"/></instance></instances><busses/><nets><net name="4" class="0"><segment><pinref part="Cin" pin="1@1" gate="1"/><pinref part="U1" pin="VIN@1" gate="1"/><pinref part="U1" pin="VIN@2" gate="1"/><pinref part="Vin" pin="+@1" gate="1"/><wire x1="50.8" y1="58.42" x2="50.8" y2="88.9" width="0" layer="91"/><wire x1="29.21" y1="88.9" x2="107.95" y2="88.9" width="0" layer="91"/><wire x1="29.21" y1="76.2" x2="29.21" y2="88.9" width="0" layer="91"/></segment></net><net name="0" class="0"><segment><pinref part="Cin" pin="2@2" gate="1"/><pinref part="Cout" pin="2@2" gate="1"/><pinref part="GND" pin="1@1" gate="1"/><pinref part="U1" pin="PS/SYNC@10" gate="1"/><pinref part="U1" pin="GND@13" gate="1"/><pinref part="U1" pin="PowerPAD@14" gate="1"/><pinref part="CvinA" pin="2@2" gate="1"/><pinref part="Vin" pin="-@2" gate="1"/><pinref part="Iout" pin="-@2" gate="1"/><wire x1="118.11" y1="30.48" x2="118.11" y2="33.02" width="0" layer="91"/><wire x1="102.87" y1="33.02" x2="102.87" y2="58.42" width="0" layer="91"/><wire x1="50.8" y1="43.18" x2="50.8" y2="33.02" width="0" layer="91"/><wire x1="102.87" y1="58.42" x2="107.95" y2="58.42" width="0" layer="91"/><wire x1="110.49" y1="30.48" x2="110.49" y2="33.02" width="0" layer="91"/><wire x1="135.89" y1="30.48" x2="110.49" y2="30.48" width="0" layer="91"/><wire x1="135.89" y1="33.02" x2="135.89" y2="30.48" width="0" layer="91"/><wire x1="138.43" y1="58.42" x2="138.43" y2="33.02" width="0" layer="91"/><wire x1="168.91" y1="58.42" x2="168.91" y2="33.02" width="0" layer="91"/><wire x1="135.89" y1="33.02" x2="199.39" y2="33.02" width="0" layer="91"/><wire x1="29.21" y1="33.02" x2="110.49" y2="33.02" width="0" layer="91"/><wire x1="29.21" y1="33.02" x2="29.21" y2="60.96" width="0" layer="91"/><wire x1="199.39" y1="33.02" x2="199.39" y2="45.72" width="0" layer="91"/></segment></net><net name="1" class="0"><segment><pinref part="Cout" pin="1@1" gate="1"/><pinref part="U1" pin="VOUT@8" gate="1"/><pinref part="U1" pin="VOUT@9" gate="1"/><pinref part="U1" pin="FB@11" gate="1"/><pinref part="Iout" pin="+@1" gate="1"/><wire x1="148.59" y1="68.58" x2="148.59" y2="88.9" width="0" layer="91"/><wire x1="148.59" y1="68.58" x2="138.43" y2="68.58" width="0" layer="91"/><wire x1="168.91" y1="73.66" x2="168.91" y2="88.9" width="0" layer="91"/><wire x1="138.43" y1="88.9" x2="199.39" y2="88.9" width="0" layer="91"/><wire x1="199.39" y1="60.96" x2="199.39" y2="88.9" width="0" layer="91"/></segment></net><net name="5" class="0"><segment><pinref part="L1" pin="@2" gate="1"/><pinref part="U1" pin="L2@6" gate="1"/><pinref part="U1" pin="L2@7" gate="1"/><wire x1="85.09" y1="63.5" x2="107.95" y2="63.5" width="0" layer="91"/></segment></net><net name="2" class="0"><segment><pinref part="L1" pin="@1" gate="1"/><pinref part="U1" pin="L1@3" gate="1"/><pinref part="U1" pin="L1@4" gate="1"/><wire x1="85.09" y1="78.74" x2="107.95" y2="78.74" width="0" layer="91"/></segment></net><net name="3" class="0"><segment><pinref part="U1" pin="VINA@12" gate="1"/><pinref part="U1" pin="EN@15" gate="1"/><pinref part="CvinA" pin="1@1" gate="1"/><wire x1="118.11" y1="50.8" x2="118.11" y2="48.26" width="0" layer="91"/><wire x1="128.27" y1="50.8" x2="118.11" y2="50.8" width="0" layer="91"/></segment></net></nets></sheet></sheets></schematic></drawing></eagle>
