<eagle version="6.4"><drawing><settings><setting alwaysvectorfont="no" verticaltext="up"/></settings><grid altunit="inch" altunitdist="inch" altdistance="0.025" display="no" multiple="1" style="lines" unit="inch" unitdist="inch" distance="0.05"/><layers><layer active="yes" visible="yes" fill="1" color="1" name="Reference" number="49"/><layer active="yes" visible="yes" fill="1" color="6" name="tNames" number="25"/><layer active="yes" visible="yes" fill="1" color="2" name="tDocu" number="21"/><layer active="yes" visible="yes" fill="1" color="2" name="tCream" number="31"/><layer active="yes" visible="yes" fill="1" color="4" name="TOP" number="1"/><layer active="yes" visible="yes" fill="1" color="15" name="tStop" number="29"/><layer active="yes" visible="yes" fill="1" color="1" name="BOTTOM" number="16"/><layer active="yes" visible="yes" fill="1" color="7" name="bStop" number="30"/><layer active="yes" visible="yes" fill="1" color="7" name="bCream" number="32"/><layer active="yes" visible="yes" fill="1" color="3" name="bPlace" number="22"/><layer active="yes" visible="yes" fill="1" color="3" name="bNames" number="26"/><layer active="yes" visible="yes" fill="1" color="5" name="Holes" number="45"/><layer active="yes" visible="yes" fill="1" color="5" name="Info" number="97"/><layer active="yes" visible="yes" fill="1" color="5" name="Guide" number="98"/><layer active="yes" visible="yes" fill="1" color="4" name="tValues" number="27"/><layer active="yes" visible="yes" fill="1" color="4" name="bValues" number="28"/><layer active="yes" visible="yes" fill="1" color="4" name="INTERNAL1" number="2"/><layer active="yes" visible="yes" fill="1" color="6" name="INTERNAL2" number="3"/><layer active="yes" visible="yes" fill="1" color="5" name="INTERNAL3" number="4"/><layer active="yes" visible="yes" fill="1" color="5" name="INTERNAL4" number="5"/><layer active="yes" visible="yes" fill="1" color="1" name="INTERNAL5" number="6"/><layer active="yes" visible="yes" fill="1" color="1" name="INTERNAL6" number="7"/><layer active="yes" visible="yes" fill="1" color="1" name="INTERNAL7" number="8"/><layer active="yes" visible="yes" fill="1" color="1" name="INTERNAL8" number="9"/><layer active="yes" visible="yes" fill="1" color="2" name="Values" number="96"/></layers><board><plain><wire layer="49" width="0.0254" y2="76.2" x2="25.4" y1="25.4" x1="25.4"/><wire layer="49" width="0.1016" y2="76.2" x2="25.4" y1="25.4" x1="25.4"/><wire layer="49" width="0.0254" y2="76.2" x2="80.01" y1="76.2" x1="25.4"/><wire layer="49" width="0.1016" y2="76.2" x2="80.01" y1="76.2" x1="25.4"/><wire layer="49" width="0.0254" y2="25.4" x2="80.01" y1="76.2" x1="80.01"/><wire layer="49" width="0.1016" y2="25.4" x2="80.01" y1="76.2" x1="80.01"/><wire layer="49" width="0.0254" y2="25.4" x2="25.4" y1="25.4" x1="80.01"/><wire layer="49" width="0.1016" y2="25.4" x2="25.4" y1="25.4" x1="80.01"/><text align="bottom-left" rot="R90" layer="21" size="1.778" y="53.34" x="61.722">Cinx</text></plain><libraries><library name="ultra-librarian"><packages><package name="1206_190"><smd layer="1" dx="1.1176" dy="1.8034" y="0" x="-1.4986" name="1"/><smd layer="1" dx="1.1176" dy="1.8034" y="0" x="1.4986" name="2"/><wire layer="25" width="0" y2="0.9017" x2="-0.9398" y1="-0.9017" x1="-0.9398"/><wire layer="25" width="0" y2="0.9017" x2="-1.7018" y1="0.9017" x1="-0.9398"/><wire layer="25" width="0" y2="-0.9017" x2="-1.7018" y1="0.9017" x1="-1.7018"/><wire layer="25" width="0" y2="-0.9017" x2="-0.9398" y1="-0.9017" x1="-1.7018"/><wire layer="25" width="0" y2="-0.9017" x2="0.9398" y1="0.9017" x1="0.9398"/><wire layer="25" width="0" y2="-0.9017" x2="1.7018" y1="-0.9017" x1="0.9398"/><wire layer="25" width="0" y2="0.9017" x2="1.7018" y1="-0.9017" x1="1.7018"/><wire layer="25" width="0" y2="0.9017" x2="0.9398" y1="0.9017" x1="1.7018"/><wire layer="21" width="0.1524" y2="-0.9017" x2="0.6071" y1="-0.9017" x1="-0.6071"/><wire layer="21" width="0.1524" y2="0.9017" x2="-0.6071" y1="0.9017" x1="0.6071"/><wire layer="25" width="0" y2="-0.9017" x2="1.7018" y1="-0.9017" x1="-1.7018"/><wire layer="25" width="0" y2="0.9017" x2="1.7018" y1="-0.9017" x1="1.7018"/><wire layer="25" width="0" y2="0.9017" x2="-1.7018" y1="0.9017" x1="1.7018"/><wire layer="25" width="0" y2="-0.9017" x2="-1.7018" y1="0.9017" x1="-1.7018"/></package><package name="0805"><smd layer="1" dx="1.1176" dy="1.4478" y="0" x="-0.9017" name="1"/><smd layer="1" dx="1.1176" dy="1.4478" y="0" x="0.9017" name="2"/><wire layer="25" width="0" y2="0.7239" x2="-0.3429" y1="-0.7239" x1="-0.3429"/><wire layer="25" width="0" y2="0.7239" x2="-1.1049" y1="0.7239" x1="-0.3429"/><wire layer="25" width="0" y2="-0.7239" x2="-1.1049" y1="0.7239" x1="-1.1049"/><wire layer="25" width="0" y2="-0.7239" x2="-0.3429" y1="-0.7239" x1="-1.1049"/><wire layer="25" width="0" y2="-0.7239" x2="0.3429" y1="0.7239" x1="0.3429"/><wire layer="25" width="0" y2="-0.7239" x2="1.1049" y1="-0.7239" x1="0.3429"/><wire layer="25" width="0" y2="0.7239" x2="1.1049" y1="-0.7239" x1="1.1049"/><wire layer="25" width="0" y2="0.7239" x2="0.3429" y1="0.7239" x1="1.1049"/><wire layer="25" width="0" y2="-0.7239" x2="1.1049" y1="-0.7239" x1="-1.1049"/><wire layer="25" width="0" y2="0.7239" x2="1.1049" y1="-0.7239" x1="1.1049"/><wire layer="25" width="0" y2="0.7239" x2="-1.1049" y1="0.7239" x1="1.1049"/><wire layer="25" width="0" y2="-0.7239" x2="-1.1049" y1="0.7239" x1="-1.1049"/></package><package name="TP-1502"><pad shape="round" drill="0.8128" y="0" x="0" name="1"/></package><package name="MLP2520K-S"><smd layer="1" dx="0.6985" dy="2.0066" y="0" x="-1.0478" name="1"/><smd layer="1" dx="0.6985" dy="2.0066" y="0" x="1.0478" name="2"/><circle layer="25" width="0.1016" radius="0.0762" y="0" x="-2.159"/><circle layer="21" width="0.1016" radius="0.0762" y="0" x="-2.159"/><wire layer="21" width="0.1524" y2="-1.0795" x2="0.3746" y1="-1.0795" x1="-0.3746"/><wire layer="21" width="0.1524" y2="1.0795" x2="-0.3746" y1="1.0795" x1="0.3746"/><wire layer="25" width="0" y2="-1.0795" x2="1.3208" y1="-1.0795" x1="-1.3208"/><wire layer="25" width="0" y2="1.0795" x2="1.3208" y1="-1.0795" x1="1.3208"/><wire layer="25" width="0" y2="1.0795" x2="-1.3208" y1="1.0795" x1="1.3208"/><wire layer="25" width="0" y2="-1.0795" x2="-1.3208" y1="1.0795" x1="-1.3208"/></package><package name="R-PVSON-N14"><smd layer="1" dx="0.5" dy="0.3" y="1.5" x="-1.25" name="1"/><smd layer="1" dx="0.5" dy="0.3" y="1" x="-1.25" name="2"/><smd layer="1" dx="0.5" dy="0.3" y="0.5" x="-1.25" name="3"/><smd layer="1" dx="0.5" dy="0.3" y="0" x="-1.25" name="4"/><smd layer="1" dx="0.5" dy="0.3" y="-0.5" x="-1.25" name="5"/><smd layer="1" dx="0.5" dy="0.3" y="-1" x="-1.25" name="6"/><smd layer="1" dx="0.5" dy="0.3" y="-1.5" x="-1.25" name="7"/><smd layer="1" dx="0.5" dy="0.3" y="-1.5" x="1.25" name="8"/><smd layer="1" dx="0.5" dy="0.3" y="-1" x="1.25" name="9"/><smd layer="1" dx="0.5" dy="0.3" y="-0.5" x="1.25" name="10"/><smd layer="1" dx="0.5" dy="0.3" y="0" x="1.25" name="11"/><smd layer="1" dx="0.5" dy="0.3" y="0.5" x="1.25" name="12"/><smd layer="1" dx="0.5" dy="0.3" y="1" x="1.25" name="13"/><smd layer="1" dx="0.5" dy="0.3" y="1.5" x="1.25" name="14"/><smd layer="1" dx="1.58" dy="2.85" y="0" x="0" name="15"/><polygon width="0.4604" layer="31"><vertex x="-0.69" y="1.325"/><vertex x="-0.69" y="0.1"/><vertex x="0.69" y="0.1"/><vertex x="0.69" y="1.325"/></polygon><polygon width="0.4604" layer="31"><vertex x="-0.69" y="-0.1"/><vertex x="-0.69" y="-1.325"/><vertex x="0.69" y="-1.325"/><vertex x="0.69" y="-0.1"/></polygon><circle layer="21" width="0.1016" radius="0.0762" y="1.5" x="-2.004"/><circle layer="25" width="0.1016" radius="0.0762" y="1.5" x="-2.004"/><wire layer="21" width="0.1524" y2="2" x2="-0.23" y1="1.7577" x1="-0.4723"/><wire layer="25" width="0" y2="2" x2="-0.23" y1="0.73" x1="-1.5"/><wire layer="21" width="0.1524" y2="-2" x2="1.5" y1="-2" x1="-1.5"/><wire layer="21" width="0.1524" y2="2" x2="-1.5" y1="2" x1="1.5"/><wire layer="25" width="0" y2="-2" x2="1.5" y1="-2" x1="-1.5"/><wire layer="25" width="0" y2="2" x2="1.5" y1="-2" x1="1.5"/><wire layer="25" width="0" y2="2" x2="-1.5" y1="2" x1="1.5"/><wire layer="25" width="0" y2="-2" x2="-1.5" y1="2" x1="-1.5"/></package><package name="GRM31CR60J476ME19L"><smd layer="1" dx="1.1176" dy="1.8034" y="0" x="-1.4986" name="1"/><smd layer="1" dx="1.1176" dy="1.8034" y="0" x="1.4986" name="2"/><wire layer="25" width="0" y2="0.9017" x2="-0.9398" y1="-0.9017" x1="-0.9398"/><wire layer="25" width="0" y2="0.9017" x2="-1.7018" y1="0.9017" x1="-0.9398"/><wire layer="25" width="0" y2="-0.9017" x2="-1.7018" y1="0.9017" x1="-1.7018"/><wire layer="25" width="0" y2="-0.9017" x2="-0.9398" y1="-0.9017" x1="-1.7018"/><wire layer="25" width="0" y2="-0.9017" x2="0.9398" y1="0.9017" x1="0.9398"/><wire layer="25" width="0" y2="-0.9017" x2="1.7018" y1="-0.9017" x1="0.9398"/><wire layer="25" width="0" y2="0.9017" x2="1.7018" y1="-0.9017" x1="1.7018"/><wire layer="25" width="0" y2="0.9017" x2="0.9398" y1="0.9017" x1="1.7018"/><wire layer="21" width="0.1524" y2="-0.9017" x2="0.6071" y1="-0.9017" x1="-0.6071"/><wire layer="21" width="0.1524" y2="0.9017" x2="-0.6071" y1="0.9017" x1="0.6071"/><wire layer="25" width="0" y2="-0.9017" x2="1.7018" y1="-0.9017" x1="-1.7018"/><wire layer="25" width="0" y2="0.9017" x2="1.7018" y1="-0.9017" x1="1.7018"/><wire layer="25" width="0" y2="0.9017" x2="-1.7018" y1="0.9017" x1="1.7018"/><wire layer="25" width="0" y2="-0.9017" x2="-1.7018" y1="0.9017" x1="-1.7018"/></package><package name="08051A100CAT2A"><smd layer="1" dx="1.1176" dy="1.4478" y="0" x="-0.9017" name="1"/><smd layer="1" dx="1.1176" dy="1.4478" y="0" x="0.9017" name="2"/><wire layer="25" width="0" y2="0.7239" x2="-0.3429" y1="-0.7239" x1="-0.3429"/><wire layer="25" width="0" y2="0.7239" x2="-1.1049" y1="0.7239" x1="-0.3429"/><wire layer="25" width="0" y2="-0.7239" x2="-1.1049" y1="0.7239" x1="-1.1049"/><wire layer="25" width="0" y2="-0.7239" x2="-0.3429" y1="-0.7239" x1="-1.1049"/><wire layer="25" width="0" y2="-0.7239" x2="0.3429" y1="0.7239" x1="0.3429"/><wire layer="25" width="0" y2="-0.7239" x2="1.1049" y1="-0.7239" x1="0.3429"/><wire layer="25" width="0" y2="0.7239" x2="1.1049" y1="-0.7239" x1="1.1049"/><wire layer="25" width="0" y2="0.7239" x2="0.3429" y1="0.7239" x1="1.1049"/><wire layer="25" width="0" y2="-0.7239" x2="1.1049" y1="-0.7239" x1="-1.1049"/><wire layer="25" width="0" y2="0.7239" x2="1.1049" y1="-0.7239" x1="1.1049"/><wire layer="25" width="0" y2="0.7239" x2="-1.1049" y1="0.7239" x1="1.1049"/><wire layer="25" width="0" y2="-0.7239" x2="-1.1049" y1="0.7239" x1="-1.1049"/></package></packages></library></libraries><designrules name="custom"><param name="layerSetup" value="((1*2)+(15*16))"/></designrules><elements><element rot="SR270" y="51.0286" x="63.9826" value="" package="1206_190" library="ultra-librarian" name="Cin"><attribute align="bottom-left" display="value" rot="R90" layer="21" size="1.778" y="53.848" x="64.135" value="Cin" name="RefDes"/><attribute align="bottom-left" display="off" rot="R90" layer="21" size="1.778" y="53.848" x="64.135" value="GRM31CR61A226KE19L" name="Type"/></element><element rot="SR270" y="51.0286" x="47.3964" value="" package="1206_190" library="ultra-librarian" name="Cout"><attribute align="bottom-left" display="value" layer="21" size="1.778" y="54.356" x="45.339" value="Cout" name="RefDes"/><attribute align="bottom-left" display="off" layer="21" size="1.778" y="54.356" x="45.339" value="GRM31CR60J476ME19L" name="Type"/></element><element y="55.4228" x="52.2986" value="" package="0805" library="ultra-librarian" name="CvinA"><attribute align="bottom-left" display="value" layer="21" size="1.778" y="58.293" x="50.2412" value="CvinA" name="RefDes"/><attribute align="bottom-left" display="off" layer="21" size="1.778" y="58.293" x="50.2412" value="08053C104KAT2A" name="Type"/></element><element rot="R90" y="49.149" x="77.2922" value="" package="TP-1502" library="ultra-librarian" name="GND"><attribute align="bottom-left" display="value" layer="21" size="1.778" y="45.593" x="74.549" value="GND" name="RefDes"/><attribute align="bottom-left" display="off" layer="21" size="1.778" y="45.593" x="74.549" value="TP-1502" name="Type"/></element><element rot="R90" y="48.9966" x="28.8798" value="" package="TP-1502" library="ultra-librarian" name="GND1"><attribute align="bottom-left" display="value" layer="21" size="1.778" y="44.958" x="27.178" value="GND1" name="RefDes"/><attribute align="bottom-left" display="off" layer="21" size="1.778" y="44.958" x="27.178" value="TP-1502" name="Type"/></element><element rot="SR180" y="46.2788" x="54.9656" value="" package="MLP2520K-M" library="ultra-librarian" name="L1"><attribute align="bottom-left" display="value" layer="21" size="1.778" y="40.894" x="48.26" value="L1" name="RefDes"/><attribute align="bottom-left" display="off" layer="21" size="1.778" y="40.894" x="48.26" value="MLP2520K1R0ST" name="Type"/></element><element rot="SR270" y="54.737" x="58.547" value="" package="0805" library="ultra-librarian" name="Rpg"><attribute align="bottom-left" display="value" layer="21" size="1.778" y="57.404" x="57.277" value="Rpg" name="RefDes"/><attribute align="bottom-left" display="off" layer="21" size="1.778" y="57.404" x="57.277" value="08051A100CAT2A" name="Type"/></element><element y="51.7652" x="55.0164" value="" package="R-PVSON-N14" library="ultra-librarian" name="U1"><attribute align="bottom-left" display="value" layer="21" size="1.778" y="48.3362" x="51.435" value="U1" name="RefDes"/><attribute align="bottom-left" display="off" layer="21" size="1.778" y="48.3362" x="51.435" value="TPS63021DSJR" name="Type"/></element><element rot="R90" y="53.2384" x="77.1652" value="" package="TP-1502" library="ultra-librarian" name="Vin"><attribute align="bottom-left" display="value" layer="21" size="1.778" y="56.134" x="74.93" value="Vin" name="RefDes"/><attribute align="bottom-left" display="off" layer="21" size="1.778" y="56.134" x="74.93" value="TP-1502" name="Type"/></element><element rot="R90" y="52.7304" x="28.8798" value="" package="TP-1502" library="ultra-librarian" name="Vout"><attribute align="bottom-left" display="value" layer="21" size="1.778" y="56.261" x="27.559" value="Vout" name="RefDes"/><attribute align="bottom-left" display="off" layer="21" size="1.778" y="56.261" x="27.559" value="TP-1502" name="Type"/></element></elements><signals><signal name="4"><wire layer="1" width="0.254" y2="51.816" x2="56.5404" y1="51.308" x1="56.5404"/><wire layer="1" width="0.254" y2="51.8922" x2="75.819" y1="51.8922" x1="63.5"/><wire layer="1" width="0.254" y2="51.8922" x2="63.5" y1="51.8922" x1="61.214"/><wire layer="1" width="0.254" y2="51.8922" x2="61.214" y1="51.816" x1="61.1124"/><wire layer="1" width="0.254" y2="51.816" x2="61.1124" y1="51.816" x1="56.5404"/><wire layer="1" width="0.254" y2="53.2638" x2="77.1906" y1="51.8922" x1="75.819"/><wire layer="1" width="0.254" y2="52.3494" x2="61.2013" y1="51.4096" x1="61.2013"/><polygon spacing="0.254" layer="1" width="0" rank="3"><vertex y="51.1556" x="56.1086"/><vertex y="51.435" x="56.1086"/><vertex y="51.435" x="56.9976"/><vertex y="51.1556" x="56.9976"/></polygon><polygon spacing="0.254" layer="1" width="0" rank="4"><vertex y="51.6636" x="56.1086"/><vertex y="51.943" x="56.1086"/><vertex y="51.943" x="56.9976"/><vertex y="51.6636" x="56.9976"/></polygon><polygon spacing="0.254" layer="1" width="0" rank="5"><vertex y="51.181" x="79.375"/><vertex y="51.181" x="56.134"/><vertex y="51.943" x="56.134"/><vertex y="51.943" x="59.944"/><vertex y="60.96" x="59.944"/><vertex y="60.96" x="79.375"/></polygon><via shape="round" drill="0.8128" diameter="1.524" extent="1-16" y="53.2638" x="77.1906"/><contactref pad="1" element="Cin"/><contactref pad="10" element="U1"/><contactref pad="11" element="U1"/><contactref pad="1" element="Vin"/></signal><signal name="1"><wire layer="1" width="0.254" y2="60.452" x2="29.5148" y1="59.8424" x1="28.9052"/><wire layer="1" width="0.254" y2="59.8424" x2="28.9052" y1="52.7558" x1="28.9052"/><wire layer="1" width="0.254" y2="59.817" x2="58.547" y1="55.753" x1="58.547"/><wire layer="1" width="0.254" y2="59.817" x2="58.547" y1="60.452" x1="57.912"/><wire layer="1" width="0.254" y2="52.5018" x2="29.1338" y1="52.7558" x1="28.9052"/><wire layer="1" width="0.254" y2="52.2986" x2="52.451" y1="52.2986" x1="48.768"/><wire layer="1" width="0.254" y2="52.2986" x2="48.768" y1="52.5018" x1="48.5648"/><wire layer="1" width="0.254" y2="52.5018" x2="48.5648" y1="52.5018" x1="48.006"/><wire layer="1" width="0.254" y2="52.2986" x2="53.5432" y1="52.2986" x1="52.451"/><wire layer="1" width="0.254" y2="52.5018" x2="48.006" y1="52.5018" x1="29.1338"/><wire layer="1" width="0.254" y2="52.2986" x2="52.451" y1="51.943" x1="52.451"/><wire layer="1" width="0.254" y2="51.816" x2="52.578" y1="51.943" x1="52.451"/><wire layer="1" width="0.254" y2="51.816" x2="53.5432" y1="51.816" x1="52.578"/><wire layer="1" width="0.254" y2="51.943" x2="52.451" y1="51.308" x1="52.451"/><wire layer="1" width="0.254" y2="51.308" x2="53.5178" y1="51.308" x1="52.451"/><wire layer="1" width="0.254" y2="51.308" x2="53.5432" y1="51.308" x1="53.5178"/><wire layer="1" width="0.254" y2="60.452" x2="57.912" y1="60.452" x1="29.5148"/><polygon spacing="0.254" layer="1" width="0"><vertex y="52.1716" x="53.086"/><vertex y="52.451" x="53.086"/><vertex y="52.451" x="53.975"/><vertex y="52.1716" x="53.975"/></polygon><polygon spacing="0.254" layer="1" width="0" rank="2"><vertex y="51.1556" x="53.086"/><vertex y="51.435" x="53.086"/><vertex y="51.435" x="53.975"/><vertex y="51.1556" x="53.975"/></polygon><polygon spacing="0.254" layer="1" width="0" rank="3"><vertex y="51.6636" x="53.086"/><vertex y="51.943" x="53.086"/><vertex y="51.943" x="53.975"/><vertex y="51.6636" x="53.975"/></polygon><polygon spacing="0.254" layer="1" width="0" rank="4"><vertex y="54.9148" x="57.785"/><vertex y="56.2102" x="57.785"/><vertex y="56.2102" x="59.2836"/><vertex y="54.9148" x="59.2836"/></polygon><polygon spacing="0.254" layer="1" width="0" rank="5"><vertex y="51.181" x="53.975"/><vertex y="51.181" x="26.035"/><vertex y="60.96" x="26.035"/><vertex y="60.96" x="49.276"/><vertex y="52.451" x="49.276"/><vertex y="52.451" x="53.975"/></polygon><via shape="round" drill="0.8128" diameter="1.524" extent="1-16" y="52.7558" x="28.9052"/><contactref pad="1" element="Cout"/><contactref pad="1" element="Rpg"/><contactref pad="3" element="U1"/><contactref pad="4" element="U1"/><contactref pad="5" element="U1"/><contactref pad="1" element="Vout"/></signal><signal name="3"><wire layer="1" width="0.254" y2="55.4736" x2="53.1622" y1="55.499" x1="53.1368"/><wire layer="1" width="0.254" y2="55.4228" x2="53.213" y1="55.4736" x1="53.1622"/><wire layer="1" width="0.254" y2="55.4228" x2="53.213" y1="54.5084" x1="53.213"/><wire layer="1" width="0.254" y2="54.1782" x2="53.5432" y1="54.5084" x1="53.213"/><wire layer="1" width="0.254" y2="57.4548" x2="53.1368" y1="55.499" x1="53.1368"/><wire layer="1" width="0.254" y2="54.1782" x2="53.5432" y1="53.3146" x1="53.5432"/><wire layer="1" width="0.254" y2="52.2986" x2="58.1914" y1="52.2986" x1="56.5404"/><wire layer="1" width="0.254" y2="52.6288" x2="58.5216" y1="52.2986" x1="58.1914"/><polygon spacing="0.254" layer="1" width="0"><vertex y="54.7116" x="52.5018"/><vertex y="56.2102" x="52.5018"/><vertex y="56.2102" x="53.7972"/><vertex y="54.7116" x="53.7972"/></polygon><polygon spacing="0.254" layer="1" width="0"><vertex y="53.1622" x="53.086"/><vertex y="53.4416" x="53.086"/><vertex y="53.4416" x="53.975"/><vertex y="53.1622" x="53.975"/></polygon><polygon spacing="0.254" layer="1" width="0"><vertex y="52.1716" x="56.1086"/><vertex y="52.451" x="56.1086"/><vertex y="52.451" x="56.9976"/><vertex y="52.1716" x="56.9976"/></polygon><wire layer="16" width="0.254" y2="57.4548" x2="56.9976" y1="57.4548" x1="53.1368"/><wire layer="16" width="0.254" y2="55.9308" x2="58.5216" y1="57.4548" x1="56.9976"/><wire layer="16" width="0.254" y2="55.9308" x2="58.5216" y1="52.6288" x1="58.5216"/><via shape="round" drill="0.254" diameter="0.5588" extent="1-16" y="57.4548" x="53.1368"/><via shape="round" drill="0.3048" diameter="0.5588" extent="1-16" y="52.6288" x="58.5216"/><contactref pad="1" element="CvinA"/><contactref pad="1" element="GND"/><contactref pad="1" element="GND1"/><contactref pad="1" element="U1"/><contactref pad="12" element="U1"/></signal><signal name="0"><wire layer="1" width="0.254" y2="49.022" x2="29.591" y1="49.022" x1="28.9052"/><wire layer="1" width="0.254" y2="49.5808" x2="30.1498" y1="49.022" x1="29.591"/><wire layer="1" width="0.254" y2="49.5808" x2="48.006" y1="49.5808" x1="30.1498"/><wire layer="1" width="0.254" y2="52.8066" x2="56.5404" y1="52.8066" x1="55.6768"/><wire layer="1" width="0.254" y2="50.1904" x2="76.2762" y1="50.1904" x1="63.5"/><wire layer="1" width="0.254" y2="49.149" x2="77.343" y1="50.1904" x1="76.2762"/><wire layer="1" width="0.254" y2="50.1904" x2="63.5" y1="50.1904" x1="61.214"/><wire layer="1" width="0.254" y2="55.4482" x2="51.4604" y1="53.4162" x1="51.4604"/><wire layer="1" width="0.254" y2="52.8066" x2="53.5432" y1="52.8066" x1="52.0446"/><wire layer="1" width="0.254" y2="52.8066" x2="52.0446" y1="53.4162" x1="51.4604"/><wire layer="1" width="0.762" y2="54.1528" x2="55.0418" y1="54.483" x1="54.737"/><wire layer="1" width="0.254" y2="52.7812" x2="53.5686" y1="52.8066" x1="53.5432"/><wire layer="1" width="0.254" y2="52.7812" x2="54.102" y1="52.7812" x1="53.5686"/><wire layer="1" width="0.254" y2="51.8414" x2="55.0418" y1="52.7812" x1="54.102"/><wire layer="1" width="0.762" y2="51.816" x2="55.0418" y1="48.895" x1="55.0418"/><wire layer="1" width="0.254" y2="51.8414" x2="55.0418" y1="51.816" x1="55.0418"/><wire layer="1" width="0.762" y2="54.1528" x2="55.0418" y1="51.8414" x1="55.0418"/><wire layer="1" width="0.254" y2="50.6476" x2="61.2013" y1="49.7078" x1="61.2013"/><polygon spacing="0.254" layer="1" width="0" rank="5"><vertex y="54.7116" x="50.8"/><vertex y="56.2102" x="50.8"/><vertex y="56.2102" x="52.0954"/><vertex y="54.7116" x="52.0954"/></polygon><polygon spacing="0.254" layer="1" width="0" rank="6"><vertex y="52.6542" x="53.086"/><vertex y="52.9336" x="53.086"/><vertex y="52.9336" x="53.975"/><vertex y="52.6542" x="53.975"/></polygon><polygon spacing="0.254" layer="1" width="0" rank="6"><vertex y="52.6542" x="56.1086"/><vertex y="52.9336" x="56.1086"/><vertex y="52.9336" x="56.9976"/><vertex y="52.6542" x="56.9976"/></polygon><polygon spacing="0.254" layer="1" width="0" rank="6"><vertex y="49.7332" x="54.2798"/><vertex y="53.8734" x="54.2798"/><vertex y="53.8734" x="55.8038"/><vertex y="49.7332" x="55.8038"/></polygon><polygon spacing="0.254" layer="1" width="0" rank="6"><vertex y="50.927" x="59.944"/><vertex y="40.132" x="59.944"/><vertex y="40.132" x="79.375"/><vertex y="50.927" x="79.375"/></polygon><polygon spacing="0.254" layer="1" width="0"><vertex y="50.927" x="49.657"/><vertex y="50.927" x="26.035"/><vertex y="40.132" x="26.035"/><vertex y="40.132" x="49.657"/></polygon><polygon spacing="0.254" layer="1" width="0"><vertex y="53.975" x="54.229"/><vertex y="53.975" x="57.277"/><vertex y="59.817" x="57.277"/><vertex y="59.817" x="54.229"/></polygon><polygon spacing="0.254" layer="1" width="0"><vertex y="49.403" x="54.229"/><vertex y="49.403" x="55.88"/><vertex y="47.879" x="55.88"/><vertex y="47.879" x="54.229"/></polygon><polygon spacing="0.254" layer="16" width="0"><vertex y="75.565" x="79.375"/><vertex y="75.565" x="26.035"/><vertex y="26.035" x="26.035"/><vertex y="26.035" x="79.375"/></polygon><via shape="round" drill="0.254" diameter="0.6604" extent="1-16" y="47.244" x="36.576"/><via shape="round" drill="0.254" diameter="0.6604" extent="1-16" y="47.244" x="38.354"/><via shape="round" drill="0.254" diameter="0.6604" extent="1-16" y="47.244" x="40.894"/><via shape="round" drill="0.254" diameter="0.6604" extent="1-16" y="47.244" x="40.132"/><via shape="round" drill="0.254" diameter="0.6604" extent="1-16" y="47.244" x="42.545"/><via shape="round" drill="0.3048" diameter="0.5588" extent="1-16" y="48.26" x="54.7878"/><via shape="round" drill="0.3048" diameter="0.5588" extent="1-16" y="48.895" x="55.0418"/><via shape="round" drill="0.3048" diameter="0.5588" extent="1-16" y="54.991" x="55.118"/><via shape="round" drill="0.3048" diameter="0.5588" extent="1-16" y="54.483" x="54.737"/><via shape="round" drill="0.3048" diameter="0.5588" extent="1-16" y="54.991" x="56.642"/><via shape="round" drill="0.3048" diameter="0.5588" extent="1-16" y="54.483" x="56.261"/><via shape="round" drill="0.254" diameter="0.6604" extent="1-16" y="46.7868" x="62.5094"/><via shape="round" drill="0.254" diameter="0.6604" extent="1-16" y="46.7868" x="65.1764"/><via shape="round" drill="0.254" diameter="0.6604" extent="1-16" y="46.7868" x="66.9544"/><via shape="round" drill="0.3048" diameter="0.5588" extent="1-16" y="55.499" x="54.737"/><via shape="round" drill="0.3048" diameter="0.5588" extent="1-16" y="55.499" x="56.261"/><via shape="round" drill="0.254" diameter="0.6604" extent="1-16" y="47.244" x="37.338"/><via shape="round" drill="0.254" diameter="0.6604" extent="1-16" y="47.244" x="39.116"/><via shape="round" drill="0.254" diameter="0.6604" extent="1-16" y="47.244" x="41.783"/><via shape="round" drill="0.254" diameter="0.6604" extent="1-16" y="47.244" x="43.434"/><via shape="round" drill="0.3048" diameter="0.5588" extent="1-16" y="48.26" x="55.5498"/><via shape="round" drill="0.3048" diameter="0.5588" extent="1-16" y="54.991" x="55.88"/><via shape="round" drill="0.3048" diameter="0.5588" extent="1-16" y="54.483" x="55.499"/><via shape="round" drill="0.254" diameter="0.6604" extent="1-16" y="46.7868" x="64.1604"/><via shape="round" drill="0.254" diameter="0.6604" extent="1-16" y="46.7868" x="63.3984"/><via shape="round" drill="0.254" diameter="0.6604" extent="1-16" y="46.7868" x="67.7164"/><via shape="round" drill="0.254" diameter="0.6604" extent="1-16" y="46.7868" x="65.9384"/><via shape="round" drill="0.254" diameter="0.6604" extent="1-16" y="46.7868" x="61.7474"/><via shape="round" drill="0.3048" diameter="0.5588" extent="1-16" y="55.499" x="55.499"/><via shape="round" drill="0.3048" diameter="0.5588" extent="1-16" y="53.467" x="55.372"/><via shape="round" drill="0.3048" diameter="0.5588" extent="1-16" y="53.467" x="54.737"/><via shape="round" drill="0.3048" diameter="0.5588" extent="1-16" y="52.8066" x="54.737"/><via shape="round" drill="0.3048" diameter="0.5588" extent="1-16" y="52.07" x="54.737"/><via shape="round" drill="0.3048" diameter="0.5588" extent="1-16" y="51.435" x="54.737"/><via shape="round" drill="0.3048" diameter="0.5588" extent="1-16" y="50.8" x="54.737"/><via shape="round" drill="0.3048" diameter="0.5588" extent="1-16" y="50.165" x="54.737"/><via shape="round" drill="0.3048" diameter="0.5588" extent="1-16" y="52.832" x="55.372"/><via shape="round" drill="0.3048" diameter="0.5588" extent="1-16" y="52.0446" x="55.372"/><via shape="round" drill="0.3048" diameter="0.5588" extent="1-16" y="51.435" x="55.372"/><via shape="round" drill="0.3048" diameter="0.5588" extent="1-16" y="50.8" x="55.372"/><via shape="round" drill="0.3048" diameter="0.5588" extent="1-16" y="50.165" x="55.372"/><via shape="round" drill="0.8128" diameter="1.524" extent="1-16" y="49.149" x="77.343"/><via shape="round" drill="0.8128" diameter="1.524" extent="1-16" y="49.022" x="28.9052"/><contactref pad="2" element="Cin"/><contactref pad="2" element="Cout"/><contactref pad="2" element="CvinA"/><contactref pad="2" element="U1"/><contactref pad="13" element="U1"/><contactref pad="15" element="U1"/></signal><signal name="2"><wire layer="1" width="0.254" y2="50.292" x2="56.5404" y1="45.212" x1="56.5404"/><wire layer="1" width="0.254" y2="45.212" x2="56.5404" y1="45.212" x1="56.5404"/><wire layer="1" width="0.254" y2="50.8" x2="57.3786" y1="50.8" x1="56.5404"/><wire layer="1" width="0.254" y2="50.673" x2="57.531" y1="50.8" x1="57.3786"/><wire layer="1" width="0.254" y2="50.673" x2="57.531" y1="50.546" x1="57.531"/><wire layer="1" width="0.254" y2="50.546" x2="57.531" y1="50.292" x1="57.277"/><wire layer="1" width="0.254" y2="50.292" x2="57.277" y1="50.292" x1="56.5404"/><polygon spacing="0.254" layer="1" width="0" rank="3"><vertex y="50.165" x="56.1086"/><vertex y="50.4444" x="56.1086"/><vertex y="50.4444" x="56.9976"/><vertex y="50.165" x="56.9976"/></polygon><polygon spacing="0.254" layer="1" width="0" rank="3"><vertex y="50.673" x="56.1086"/><vertex y="50.9524" x="56.1086"/><vertex y="50.9524" x="56.9976"/><vertex y="50.673" x="56.9976"/></polygon><polygon spacing="0.254" layer="1" width="0" rank="5"><vertex y="50.927" x="56.134"/><vertex y="50.927" x="59.563"/><vertex y="40.132" x="59.563"/><vertex y="40.132" x="55.372"/><vertex y="47.498" x="55.372"/><vertex y="47.498" x="56.134"/></polygon><contactref pad="2" element="L1"/><contactref pad="8" element="U1"/><contactref pad="9" element="U1"/></signal><signal name="5"><wire layer="1" width="0.254" y2="50.292" x2="53.5432" y1="45.2882" x1="53.5432"/><wire layer="1" width="0.254" y2="45.2882" x2="53.5432" y1="45.212" x1="53.467"/><wire layer="1" width="0.254" y2="50.8" x2="53.5432" y1="50.8" x1="52.578"/><wire layer="1" width="0.254" y2="50.8" x2="52.578" y1="50.673" x1="52.451"/><wire layer="1" width="0.254" y2="50.673" x2="52.451" y1="50.419" x1="52.451"/><wire layer="1" width="0.254" y2="50.292" x2="52.578" y1="50.419" x1="52.451"/><wire layer="1" width="0.254" y2="50.292" x2="53.5178" y1="50.292" x1="52.578"/><wire layer="1" width="0.254" y2="50.292" x2="53.5432" y1="50.292" x1="53.5178"/><polygon spacing="0.254" layer="1" width="0" rank="2"><vertex y="50.673" x="53.086"/><vertex y="50.9524" x="53.086"/><vertex y="50.9524" x="53.975"/><vertex y="50.673" x="53.975"/></polygon><polygon spacing="0.254" layer="1" width="0" rank="2"><vertex y="50.165" x="53.086"/><vertex y="50.4444" x="53.086"/><vertex y="50.4444" x="53.975"/><vertex y="50.165" x="53.975"/></polygon><polygon spacing="0.254" layer="1" width="0" rank="4"><vertex y="50.927" x="53.975"/><vertex y="50.927" x="50.038"/><vertex y="40.132" x="50.038"/><vertex y="40.132" x="54.61"/><vertex y="47.498" x="54.61"/><vertex y="47.498" x="53.975"/></polygon><contactref pad="1" element="L1"/><contactref pad="6" element="U1"/><contactref pad="7" element="U1"/></signal><signal name="12"><wire layer="1" width="0.254" y2="53.3146" x2="57.1246" y1="53.3146" x1="56.5404"/><wire layer="1" width="0.254" y2="53.8734" x2="57.6834" y1="53.3146" x1="57.1246"/><wire layer="1" width="0.254" y2="53.8734" x2="58.547" y1="53.8734" x1="57.6834"/><polygon spacing="0.254" layer="1" width="0" rank="2"><vertex y="53.1622" x="56.1086"/><vertex y="53.4416" x="56.1086"/><vertex y="53.4416" x="56.9976"/><vertex y="53.1622" x="56.9976"/></polygon><polygon spacing="0.254" layer="1" width="0" rank="4"><vertex y="53.213" x="57.785"/><vertex y="54.5084" x="57.785"/><vertex y="54.5084" x="59.2836"/><vertex y="53.213" x="59.2836"/></polygon><contactref pad="2" element="Rpg"/><contactref pad="14" element="U1"/></signal></signals></board></drawing></eagle>
